etiqueta,fase,instancias,tps_objetivo,socios,rep,t_inicio,t_fin,tps_total,p50_max_ms,p95_max_ms,error_pct
A_N1_100_r1,A,1,100,2,1,2026-09-23T15:37:24Z,2026-09-23T15:38:36Z,96.0,26,32,0.00
A_N1_100_r2,A,1,100,2,2,2026-09-23T15:39:13Z,2026-09-23T15:40:25Z,96.0,22,25,0.00
A_N1_100_r3,A,1,100,2,3,2026-09-23T15:41:03Z,2026-09-23T15:42:15Z,96.0,20,24,0.00
A_N1_200_r1,A,1,200,2,1,2026-09-23T15:42:53Z,2026-09-23T15:44:04Z,200.0,25,30,0.00
A_N1_200_r2,A,1,200,2,2,2026-09-23T15:44:42Z,2026-09-23T15:45:53Z,200.0,22,26,0.00
A_N1_200_r3,A,1,200,2,3,2026-09-23T15:46:31Z,2026-09-23T15:47:43Z,200.0,27,33,0.00
A_N1_300_r1,A,1,300,2,1,2026-09-23T15:48:20Z,2026-09-23T15:49:33Z,296.0,739,1462,69.36
A_N1_300_r2,A,1,300,2,2,2026-09-23T15:50:12Z,2026-09-23T15:51:25Z,296.0,751,1267,75.50
A_N1_300_r3,A,1,300,2,3,2026-09-23T15:52:02Z,2026-09-23T15:53:16Z,296.0,1027,1601,84.03
A_N1_400_r1,A,1,400,2,1,2026-09-23T15:53:53Z,2026-09-23T15:55:20Z,400.0,4533,7595,100.00
A_N1_400_r2,A,1,400,2,2,2026-09-23T15:55:58Z,2026-09-23T15:57:23Z,400.0,4217,7667,100.00
A_N1_400_r3,A,1,400,2,3,2026-09-23T15:58:01Z,2026-09-23T15:59:27Z,400.0,4193,7699,99.92
A_N2_200_r1,A,2,200,2,1,2026-09-23T16:00:56Z,2026-09-23T16:02:08Z,200.0,30,35,0.00
A_N2_200_r2,A,2,200,2,2,2026-09-23T16:02:49Z,2026-09-23T16:04:01Z,200.0,29,34,0.00
A_N2_200_r3,A,2,200,2,3,2026-09-23T16:04:40Z,2026-09-23T16:05:52Z,200.0,30,35,0.00
A_N2_400_r1,A,2,400,2,1,2026-09-23T16:06:31Z,2026-09-23T16:07:43Z,400.0,30,37,0.00
A_N2_400_r2,A,2,400,2,2,2026-09-23T16:08:24Z,2026-09-23T16:09:36Z,400.0,29,37,0.00
A_N2_400_r3,A,2,400,2,3,2026-09-23T16:10:15Z,2026-09-23T16:11:27Z,400.0,30,40,0.00
A_N2_600_r1,A,2,600,2,1,2026-09-23T16:12:08Z,2026-09-23T16:13:31Z,599.6,957,8745,67.36
A_N2_600_r2,A,2,600,2,2,2026-09-23T16:14:09Z,2026-09-23T16:15:34Z,598.8,850,8417,44.16
A_N2_600_r3,A,2,600,2,3,2026-09-23T16:16:14Z,2026-09-23T16:17:39Z,599.7,1100,9622,77.78
A_N2_800_r1,A,2,800,2,1,2026-09-23T16:18:17Z,2026-09-23T16:20:12Z,798.5,2900,12282,85.89
A_N2_800_r2,A,2,800,2,2,2026-09-23T16:20:52Z,2026-09-23T16:22:47Z,757.5,4180,13543,82.96
A_N2_800_r3,A,2,800,2,3,2026-09-23T16:38:37Z,2026-09-23T16:40:46Z,799.7,2870,13706,40.39
A_N4_400_r1,A,4,400,2,1,2026-09-23T16:41:31Z,2026-09-23T16:42:43Z,400.0,30,93,0.00
A_N4_400_r2,A,4,400,2,2,2026-09-23T16:43:24Z,2026-09-23T16:44:35Z,400.0,28,34,0.00
A_N4_400_r3,A,4,400,2,3,2026-09-23T16:45:13Z,2026-09-23T16:46:25Z,400.0,29,36,0.00
A_N4_600_r1,A,4,600,2,1,2026-09-23T16:53:06Z,2026-09-23T16:54:31Z,599.7,1228,8888,72.77
A_N4_600_r2,A,4,600,2,2,2026-09-23T16:55:10Z,2026-09-23T16:56:39Z,598.1,722,9506,32.23
A_N4_600_r3,A,4,600,2,3,2026-09-23T16:57:18Z,2026-09-23T16:58:47Z,595.8,1357,10400,62.50
A_N4_800_r1,A,4,800,2,1,2026-09-23T16:59:26Z,2026-09-23T17:01:18Z,781.2,2767,11889,56.77
C_pico_r1_s2,C,4,832,2,1,2026-09-23T17:16:10Z,2026-09-23T17:25:22Z,479.1,4323,14138,31.59
C_pico_r2_s2,C,4,832,2,2,2026-09-23T17:26:00Z,2026-09-23T17:35:12Z,484.6,4111,13844,30.42
D_synoff_r1,D,4,832,2,1,2026-09-23T19:43:02Z,2026-09-23T19:51:58Z,584.2,2982,12727,4.04
D_synoff_r2,D,4,832,2,2,2026-09-23T19:52:39Z,2026-09-23T20:01:33Z,589.7,2539,12565,8.55
C_pico_r1,C,4,832,2,1,2026-09-23T20:02:28Z,2026-09-23T20:11:37Z,507.1,3979,13684,44.30
C_pico_r2,C,4,832,2,2,2026-09-23T20:12:21Z,2026-09-23T20:21:29Z,484.7,4327,13558,28.73
C_pico_r3,C,4,832,2,3,2026-09-23T20:22:13Z,2026-09-23T20:31:00Z,482.6,4957,14737,30.22
B_1socios_r1,B,4,600,1,1,2026-09-23T20:46:56Z,2026-09-23T20:48:35Z,590.7,4195,8832,100.00
B_1socios_r2,B,4,600,1,2,2026-09-23T20:49:13Z,2026-09-23T20:50:57Z,599.9,4322,11981,99.99
B_1socios_r3,B,4,600,1,3,2026-09-23T20:51:36Z,2026-09-23T20:53:28Z,594.6,4234,13197,69.63
B_10socios_r1,B,4,600,10,1,2026-09-23T20:54:06Z,2026-09-23T20:55:19Z,600.0,37,4775,0.00
B_10socios_r2,B,4,600,10,2,2026-09-23T20:55:57Z,2026-09-23T20:57:09Z,600.0,39,369,0.08
B_10socios_r3,B,4,600,10,3,2026-09-23T20:57:46Z,2026-09-23T20:58:57Z,600.0,39,2856,1.27
E_pico10_r1,E,4,832,10,1,2026-09-23T21:00:26Z,2026-09-23T21:09:29Z,621.3,2254,11974,19.43
E_pico10_r2,E,4,832,10,2,2026-09-23T21:10:10Z,2026-09-23T21:19:06Z,584.3,2891,12821,4.18
F_ambas_r1,F,4,832,10,1,2026-09-23T21:19:43Z,2026-09-23T21:28:40Z,593.9,2871,13223,10.58
F_ambas_r2,F,4,832,10,2,2026-09-23T21:29:17Z,2026-09-23T21:38:20Z,621.9,2912,12678,3.76
A_N4_800_r2,A,4,800,2,2,2026-09-23T22:07:54Z,2026-09-23T22:09:39Z,787.0,3238,9708,96.31
A_N4_800_r3,A,4,800,2,3,2026-09-23T22:10:21Z,2026-09-23T22:11:58Z,800.0,2716,6409,100.00
A_N4_1000_r1,A,4,1000,2,1,2026-09-23T22:12:40Z,2026-09-23T22:14:58Z,871.2,4606,13477,46.40
A_N4_1000_r2,A,4,1000,2,2,2026-09-23T22:15:40Z,2026-09-23T22:17:58Z,886.4,3567,12971,44.16
A_N4_1000_r3,A,4,1000,2,3,2026-09-23T22:18:41Z,2026-09-23T22:20:49Z,983.6,3042,10190,81.95
